bank_id,category_id,offer_title,merchant_details,offer_details_1,offer_details_2,offer_validity,discount,image_url,more_details_url,merchant_contact
10,1,UP TO 30% SAVINGS at Cinnamon Grand Colombo - Cheers,Cinnamon Grand Colombo - Cheers,"Enjoy 30% savings and earn 2x Membership Miles with your Nations Trust Bank American Express Explorer Credit Card

Valid on food

Maximum savings LKR 8,000

Valid till 30th April 2025

For reservations, call 0112437437

Enjoy 20% savings with Nations Trust Bank American Express Sri Lankan Airlines, Platinum ,Gold ,Blue and Corporate Cards

Valid on food

Maximum savings LKR 8,000

Valid till 30th April 2025

For reservations, call 0112437437",,Valid till 30th April 2025,UP TO 30% SAVINGS,https://www.americanexpress.lk/images/specialOffers/wellness/Cheers_new_logo.png,https://www.americanexpress.lk/en/offers/dining-offers/cinnamon-lakeside-cheers-2,0112437437
10,1,EXPLORER CARDMEMBER at Explorer Cardmember dines for free,Explorer Cardmember dines for free,"Explorer Cardmember dines for free at 1864 - Galleface Hotel exclusively with your Nations Trust Bank American Express Explorer Credit Card

50% savings for 2 pax
33% savings for 3 pax
25% savings for 4 pax
20% savings for 5 pax and above

Valid for dinner

Valid every Monday, Tuesday & Wednesday till 31st March 2025

For reservations, call 0742601641

Special T&C

Valid on food orders
The total bill value cannot be split during this promotion
Only one bill per table is entitled for this promotion
Only one card member from the table is entitled to settle the bill for this promotion
Offer is valid for a minimum of 2 pax and a maximum of 10 pax per card, per day",,Valid from Monday - Wednesday till 31st March 2025,EXPLORER CARDMEMBER,https://www.americanexpress.lk/images/offers/dining/1684.jpg,https://www.americanexpress.lk/en/offers/dining-offers/explorer-cardmember-dines-for-free,0742601641
10,1,20% SAVINGS at Blooming Breakfast Resto Bar & Cafe,Blooming Breakfast Resto Bar & Cafe,"Enjoy 20% savings with your Nations Trust Bank American Express Credit Card

Valid on total bill

Valid on the à la carte menu

Valid till 31st March 2025

For reservations, call 0112681690",Special promotions Like High Tea & Valentines Day Offer not  Applicable,Valid till 31st March 2025,20% SAVINGS,https://www.americanexpress.lk/images/offers/dining/Logo_1.png,https://www.americanexpress.lk/en/offers/dining-offers/blooming-breakfast-resto-bar-cafe,0112681690
10,1,15% SAVINGS at Maniumpathy,Maniumpathy,"Enjoy 15% savings with your Nations Trust Bank American Express Credit Card

15% savings valid for A la carte dining guest on food

Valid from 1st December to 31st March 2025

Valid on bills above LKR 5,000",Valid for bills above LKR 5000,Valid till 31st March 2025,15% SAVINGS,https://www.americanexpress.lk/images/Maniumpathy.jpg,https://www.americanexpress.lk/en/offers/dining-offers/maniumpathy,
10,1,20% SAVINGS at Playtrix,Playtrix,"Enjoy 20% savings with your Nations Trust Bank American Express Credit Card

Valid on food

Valid from 1st February to 30th April 2025

For reservations, call 94765477577

Dress code: Shorts and Slippers are allowed! Workout clothes straight after a workout NOT allowed

Entrance policy: Free entrance except for special events which will be advertised ahead of time",,Valid from 1st February to 30th April 2025,20% SAVINGS,https://www.americanexpress.lk/images/offers/dining/pub22.jpg,https://www.americanexpress.lk/en/offers/dining-offers/playtrix,94765477577
10,1,20% SAVINGS at Cinnamon Lakeside - Colombar,Cinnamon Lakeside - Colombar,"Enjoy 20% savings with your Nations Trust Bank American Express Credit Card

Valid on food

Maximum saving: LKR 8,000

Valid from 1st February to 30th April 2025

For reservations, call 0112491948",,Valid from 1st February to 30th April 2025,20% SAVINGS,https://www.americanexpress.lk/images/specialOffers/wellness/pub5.jpg,https://www.americanexpress.lk/en/offers/dining-offers/cinnamon-lakeside-colombar,0112491948
10,1,15% SAVINGS at Tilapiya,Tilapiya,"Enjoy 15% savings with your Nations Trust Bank American Express Credit Card

Sunday to Wednesday (Dinner: 6pm – 11pm) and Monday to Sunday (Lunch: 12pm – 5pm)

Valid till 31st March 2025

For reservations, call 0779494394",,Valid till 31st March 2025,15% SAVINGS,https://www.americanexpress.lk/images/seafood5.jpg,https://www.americanexpress.lk/en/offers/dining-offers/tilapiya,0779494394
10,1,15% SAVINGS at Cinnamon Life Colombo - Flux,Cinnamon Life Colombo - Flux,"Enjoy 15% savings with your Nations Trust Bank American Express Credit Card

Valid for food

Not valid for special events

Valid till 30th April 2025

For reservations, call 0112110000",,Valid till 30th April 2025,15% SAVINGS,https://www.americanexpress.lk/images/offers/dining/Fluxxx.png,https://www.americanexpress.lk/en/offers/dining-offers/cinnamon-life-colombo-flux,0112110000
10,1,SPECIAL SAVINGS at Radisson Hotel Colombo - DINE Restaurant,Radisson Hotel Colombo - DINE Restaurant,"Enjoy special savings with your Nations Trust Bank American Express Credit card

Companion Dining Free on Every Wednesday and Every Thursday

Wednesday - Chef's Night (Thematic Dinner)

Time: 7.00 pm - 10.30 pm

Rate: LKR 5,500 nett per person

Thursday - Sri Lankan Night (Thematic Dinner)

Time: 7.00 pm - 10.30 pm

Rate: LKR 5,500 nett per person

20% savings on every Friday and every Saturday

Friday - Indian Night

Time: 7.00 pm - 10.30 pm

Rate: LKR 5,500 nett per person

Saturday - Roast Night

Time: 7.00 pm - 10.30 pm

Rate: LKR 6,500 nett per person

High Tea Platter Offer

Enjoy 1 complimentary platter for every 3 platters ordered

Time: 2.30 pm - 5.30 pm

24-hour prior notice is required

Available all seven days of the week

Served in Platter

Choose your platter between Asian & Western

Valid till 30th April 2025

For reservations call, 0704764134","To be eligible for this offer, cardholders are required to settle the total bill exclusively using their NTB Credit Card(s).
Reservations must be made in advance.
All reservations are subject to availability at the time of booking.
These offers are valid exclusively for Sri Lankan nationals and resident visa holders only.
Please note that the offers does not apply to gift vouchers, pre-confirmed bookings, or reservations made through other platforms and cannot be combined with other offers or promotions.",Valid till 30th April 2025,SPECIAL SAVINGS,https://www.americanexpress.lk/images/specialOffers/lodging/Radisson_colombo.jpg,https://www.americanexpress.lk/en/offers/dining-offers/radisson-hotel-colombo-dine-restaurant,
10,1,SPECIAL SAVINGS at Radisson Blu Resort Galle - FUSION Restaurant,Radisson Blu Resort Galle - FUSION Restaurant,"Enjoy special savings with your Nations Trust Bank American Express Credit card

20% savings on Dinner buffet

Time: 7.00 pm - 10.30 pm
Rate: LKR 6,500 nett per person 
 
High Tea Platter Offer
 
Enjoy 1 complimentary platter for every 3 platters ordered
 
LKR 5,999 nett (for two)
Time: 2.30 pm - 5.30 pm
24-hour prior notice is required
Available all seven days of the week
Served in Platter
Choose your platter between Asian & Western
 
Valid till 30th April 2025
 
For reservations, call 0707325254 / 0704717555",,Valid till 30th April 2025,SPECIAL SAVINGS,https://www.americanexpress.lk/images/specialOffers/lodging/Radisson_galle.jpg,https://www.americanexpress.lk/en/offers/dining-offers/radisson-blu-resort-galle-fusion-restaurant,0707325254
10,1,SPECIAL SAVINGS at Radisson Hotel Kandy - DINE Restaurant,Radisson Hotel Kandy - DINE Restaurant,"Enjoy special savings with your Nations Trust Bank American Express Credit card

20% off on Dinner buffet
 
Time: 7.00 pm - 10.30 pm
Rate: LKR 6,500 nett per person (Rack rate)
 
High Tea Platter Offer
 
Enjoy 1 complimentary platter for every 3 platters ordered
 
LKR 5,999 nett (for two)
From 2.30 pm - 5.30 pm
24-hour prior notice is required
Available all seven days of the week
Served in Platter
Choose your platter between Asian & Western",,Valid till 30th April 2025,SPECIAL SAVINGS,https://www.americanexpress.lk/images/specialOffers/lodging/Radisson_kandy.jpg,https://www.americanexpress.lk/en/offers/dining-offers/radisson-hotel-kandy-dine-restaurant,
10,1,15% SAVINGS at Tea Avenue,Tea Avenue,"Enjoy 15% savings with your Nations Trust Bank American Express Credit Card

Valid on all beverages

Valid till 31st March 2025

For reservations, call 0766360000","Not applicable for dessert, food, retail items, or high tea.
Savings applicable only for dine-in and takeaway orders.
Offer not valid on retail purchases or high tea (except for the exclusive Valentine’s Day offer).
The NTB cardholder must be present at the time of billing to avail of the discount.
This offer cannot be combined with other promotions, discounts, or loyalty rewards.
The discount is applicable per bill and cannot be split into multiple transactions.",Valid till 31st March 2025,15% SAVINGS,https://www.americanexpress.lk/images/specialOffers/Tea_Avenue.jpg,https://www.americanexpress.lk/en/offers/dining-offers/tea-avenue,0766360000
10,1,10% SAVINGS at 80 Club of Colombo,80 Club of Colombo,"Enjoy 10% savings with your Nations Trust Bank American Express Credit Card

Valid on food for dine-in

Valid for bills above LKR 1,000

Maximum savings: LKR 5,000

Valid from 1st February to 30th April 2025

For reservations, call 0112691496",,Valid from 1st February to 30th April 2025,10% SAVINGS,https://www.americanexpress.lk/images/WER_-_Logo_-_Blue-01.jpg,https://www.americanexpress.lk/en/offers/dining-offers/80-club-of-colombo,0112691496
10,1,SPECIAL SAVINGS at Industri,Industri,"Enjoy 20% savings with your Nations Trust Bank American Express Credit Card

Valid on food

Valid until 31st March 2025

For reservations, call 0777463968","The promotion is valid for all American Express® credit cards issued by Nations Trust Bank PLC.
Not valid for functions, banquets or catering related events.
Reservations to be made in advance by calling the specified numbers.
Cardholder is to settle the total bill via American Express card issued by Nations Trust Bank PLC to be eligible for the offers mentioned herein.
The offers cannot be exchanged for cash and/or used in conjunction with any other promotional programs or offers (as discount cards, promotional vouchers and in-house offer discount cards, etc) provided by service establishments involved in this promotion.
Nations Trust Bank PLC accepts no liability for the quality of goods and services provided by the service establishments involved in this promotion since the Bank is not the supplier of such goods and services.
If any dispute arises regarding any of the terms and conditions contained herein, the decision of the respective service establishment(s) and Nations Trust Bank PLC shall be final.
The Nations Trust Bank PLC reserves the right to modify or change all or any of the rules, terms and conditions applicable to this promotion and/or features of this promotion at any given time and also reserves the right to extend or shorten the duration of the promotion and/or withdraw or cancel the promotion at anytime without prior notice.
The promotion is bound by the terms and conditions of the respective service establishment(s) and Nations Trust Bank PLC.
The general credit card terms and conditions will continue to apply.
Offers subject to change without notice
Management holds right to refuse entry if guest is not in accordance with door policy
The discounts do not coincide with other deals and promotions.",Valid till 31st March 2025,SPECIAL SAVINGS,https://www.americanexpress.lk/images/specialOffers/industri.jpg,https://www.americanexpress.lk/en/offers/dining-offers/industri,0777463968
10,1,UP TO 30% SAVINGS at Travelling Brunchers,Travelling Brunchers,"Enjoy 10% savings with your Nations Trust Bank American Express Explorer Credit Card

Valid from Wednesday to Sunday

Maximum savings LKR 3,000

Valid till 30th April 2025

For reservations, call 0772289111",,Valid till 30th April 2025,UP TO 30% SAVINGS,https://www.americanexpress.lk/images/specialOffers/wellness/travelling.png,https://www.americanexpress.lk/en/offers/dining-offers/travelling-brunchers,0772289111
10,1,15% SAVINGS at Regal Reseau Hotel & Spa - Celestia Restaurant,Regal Reseau Hotel & Spa - Celestia Restaurant,"Enjoy 15% savings with your Nations Trust Bank American Express Credit Card

Valid for food and beverages on buffet / à la carte menu

Valid for bills above LKR 10,000 (before service charge & tax/vat)

Valid till 20th April 2025

For reservations, call 0779799773",,Valid till 20th April 2025,15% SAVINGS,https://www.americanexpress.lk/images/specialOffers/New_Project_23.png,https://www.americanexpress.lk/en/offers/dining-offers/regal-reseau-hotel-spa-celestia-restaurant,0779799773
10,1,15% SAVINGS at Regal Reseau Hotel & Spa - Sky Track Lounge I Bar,Regal Reseau Hotel & Spa - Sky Track Lounge I Bar,"Enjoy 15% savings with your Nations Trust Bank American Express Credit Card

Valid on food and beverages on buffet / à la carte menu

Minimum bill value (before service charge & tax/vat) : LKR10,000

Valid till 20th April 2025

For reservations, call 0779799773","Offer valid only for food and beverages on à la carte / buffet
Minimum bill value LKR 10,000 before service charge & tax/vat",Valid till 20th April 2025,15% SAVINGS,https://www.americanexpress.lk/images/specialOffers/New_Project_24.png,https://www.americanexpress.lk/en/offers/dining-offers/regal-reseau-hotel-spa-sky-track-lounge-i-bar,0779799773
10,1,10% SAVINGS at Waters Edge - The Bakery at the Edge,Waters Edge - The Bakery at the Edge,"Enjoy 10% savings with your Nations Trust Bank American Express Corporate Card

Valid on full cakes

Valid from 1st January to 31st December 2025

For more information, call 0117208777",,Valid from 1st to 31st December 2025,10% SAVINGS,https://www.americanexpress.lk/images/specialOffers/thebakery_.jpg,https://www.americanexpress.lk/en/offers/dining-offers/waters-edge-the-bakery-at-the-edge,0117208777
10,1,10% SAVINGS at Cinnamon Lakeside - Goodies and Banquet Bookings,Cinnamon Lakeside - Goodies and Banquet Bookings,"Enjoy 10% savings with your Nations Trust Bank American Express Corporate Card

Valid on goodies and banquet bookings (Excluding wedding)

Valid till 31st December 2025

For reservations, call 0112491000",10% savings applicable on cakes and goodies,Valid till 31st December 2025,10% SAVINGS,https://www.americanexpress.lk/images/specialOffers/wellness/cinnamon-lakeside.jpg,https://www.americanexpress.lk/en/offers/dining-offers/cinnamon-lakeside,0112491000
10,1,10% SAVINGS at The Governor's Restaurant - Mount Lavinia Hotel,The Governor's Restaurant - Mount Lavinia Hotel,"Enjoy 10% savings with your Nations Trust Bank American Express Credit Card

Valid on Lunch & Dinner buffet

Valid from 1st February to 31st March 2025

For reservations,

Call: 0112711711
Email: fbreservations@mountlaviniahotel.com",,Valid from 1st February to 31st March 2025,10% SAVINGS,https://www.americanexpress.lk/images/specialOffers-bk/mounthotel_600x600.jpg,https://www.americanexpress.lk/en/offers/dining-offers/the-governor-s-restaurant-mount-lavinia-hotel,0112711711
10,1,SPECIAL SAVINGS at PickMe Food,PickMe Food,"Offer 1

Enjoy 100% cashback with your Nations Trust Bank American Express Credit Card

Valid for the first month of the PickMe Pass monthly subscription for the first-time PickMe Pass users

Valid from 1st February 2025 to 31st March 2025

 

Offer 2

Enjoy additional 20% savings on PickMe Food with your Nations Trust Bank American Express Credit Card

Valid for bills above LKR 3,000

Maximum savings: LKR 750
 
Valid every Sunday from 9 AM to 11 PM, from 23rd February 2025 to 30th March 2025","Offer 1
The Monthly PickMe Pass Subscription is priced at Rs 549.
The Cashback Offer is applicable to first-time PickMe Pass users.
First-time subscribers will automatically receive a 14-day free trial, with the card being charged only after the trial period ends.
Cashback will be processed as PickMe Points on the next working day.
Cashback cannot be requested to the card or bank account.
PickMe Points can be used for any PickMe services.
PickMe Points cannot be withdrawn or transferred.
It is mandatory for the user to pay the first subscription using an NTB AMEX Credit Card after the trial period to receive the cashback.
The offer is valid from 1st Feb 2025 to 31st Mar 2025 (inclusive of both the first and last day).
The last day for disbursing cashback will be 15th April 2025.
One user is eligible to use this offer only once.
The PickMe Pass Monthly Subscription is valid for 30 days.
PickMe and the bank reserve the right to stop or amend this promotion at any time without prior notice.
PickMe and the bank reserve the right to withhold cashback from any user who is found to be misusing the promotion.

Offer 2


This offer is applicable to users who have subscribed to PickMe PASS.
The offer is valid for a single transaction per cardholder on each offer day.
Free delivery is available with the offer.
In case of any disputes regarding the terms and conditions, the decision of PickMe and the Bank shall be final.
This offer cannot be exchanged for cash, nor can it be combined with any other promotions or offers provided by PickMe",Valid from 1st February to 31st March 2025,SPECIAL SAVINGS,https://www.americanexpress.lk/images/specialOffers-bk/pickme.jpg,https://www.americanexpress.lk/en/offers/dining-offers/pickme-food,
10,1,20% SAVINGS at Elevate By Jetwing,Elevate By Jetwing,"Enjoy 20% savings with your Nations Trust Bank American Express Credit Card

Valid on food for dine-in

Valid for bills above LKR 5,000

Maximum savings: LKR 4,000

Not applicable for liquor and tobacco purchases

Valid till 10th April 2025

For reservations, call 0707355355",Dining discounts are not applicable for liquor and tobacco.,Valid till 10th April 2025,20% SAVINGS,https://www.americanexpress.lk/images/specialOffers/wellness/Elevate_by_jetwing.jpg,https://www.americanexpress.lk/en/offers/dining-offers/elevate-by-jetwing-2,0707355355
10,1,20% SAVINGS at Virticle By Jetwing,Virticle By Jetwing,"Enjoy 20% savings with your Nations Trust Bank American Express Credit Card

Valid on food for dine-in

Valid for bills above LKR 5,000

Maximum savings: LKR 4,000

Not applicable for liquor and tobacco purchases

Valid till 10th April 2025

For reservations, call 0707355355",Dining discounts are not applicable for liquor and tobacco.,Valid till 10th April 2025,20% SAVINGS,https://www.americanexpress.lk/images/specialOffers/wellness/Virticle_By_Jetwing.jpg,https://www.americanexpress.lk/en/offers/dining-offers/virticle-by-jetwing-2,0707355355
10,2,30% SAVINGS at Le Grand Galle,Le Grand Galle,"Enjoy 30% savings with your Nations Trust Bank American Express Credit Card

Booking period: 25th February to 1st March 2025

Stay period: 25th February to 31st October 2025

For reservations, call 0912228555",,Valid from 25th February to 01st March 2025,30% SAVINGS,https://www.americanexpress.lk/images/specialOffers/lodging/Le_Grand.png,https://www.americanexpress.lk/en/offers/lodging-offers/le-grand-galle-1,0912228555
10,2,15% SAVINGS at Wattura Resort & Spa,Wattura Resort & Spa,"Enjoy 15% savings with your Nations Trust Bank American Express Credit Card

Valid on HB basis

Valid for suites rooms(17 suites)

Inclusions,

Free access to the kids water park
Free bicycle ride

Additional Benefits,

15% discount on food and beverage
15% discount on Spa
25% discount on Gin Oya kayak ride

Valid from 15th February to 15th December 2025

For reservations,

Call: 0317857857
E-mail: info@watturaresortandspa.com / reservations@watturaresortandspa.com",Subject to availability,Valid from 15th February to 15th December 2025,15% SAVINGS,https://www.americanexpress.lk/images/specialOffers/lodging/watura.jpg,https://www.americanexpress.lk/en/offers/lodging-offers/wattura-resort-spa,0317857857
10,2,15% SAVINGS at Araliya Hotels and Resorts,Araliya Hotels and Resorts,"Enjoy 15% savings with your Nations Trust Bank American Express Credit Card

Valid till 31st March 2025

For reservations, call 0704700829/ 0522226000","Not applicable for the family room
Booking should be under the cardholder's name
Payments on arrival
Check-in time is 2 pm and checkout time before 12 pm",Valid till 31st March 2025,15% SAVINGS,https://www.americanexpress.lk/images/specialOffers/lodging/araliya.jpg,https://www.americanexpress.lk/en/offers/lodging-offers/araliya-hotels-and-resorts-hotel-resort-offers-in-sri-lanka-american-express-credit-card-offers,0704700829
10,2,UP TO 25% SAVINGS at Senani Hotel,Senani Hotel,"Enjoy up to 25% savings with your Nations Trust Bank American Express Credit Card

25% savings on FB basis for DBL rooms
20% savings on FB basis for TPL rooms

Valid till 30th April 2025

For reservations, call 0772208699","Xmas & New Year Gala Dinner supplement will applicable for 24th & 31st Night December 2024
Sinhala & Hindu New Year Supplements will be Applicable for the relevant period",Valid till 30th April 2025,UP TO 25% SAVINGS,https://www.americanexpress.lk/images/Senani_Hotel.png,https://www.americanexpress.lk/en/offers/lodging-offers/senani-hotel,0772208699
10,2,25% SAVINGS at Aprota Villas - Luxury Boutique Hotel - Arugambay,Aprota Villas - Luxury Boutique Hotel - Arugambay,"Enjoy 25% savings from the Sri Lankan rates with your Nations Trust Bank American Express Credit Card.

Valid till 30th April 2025

For reservations 0706667778 | marketing@aprota.com",,Valid till 30th April 2025,25% SAVINGS,https://www.americanexpress.lk/images/specialOffers/lodging/aporto.jpg,https://www.americanexpress.lk/en/offers/lodging-offers/aprota-villas-luxury-boutique-hotel-arugambay,
10,2,UP TO 25% SAVINGS at Pelwehera Village Resort – Dambulla,Pelwehera Village Resort – Dambulla,"Enjoy up to 25% savings with your Nations Trust Bank American Express Credit Card

25% savings on FB basis for DBL rooms
20% savings on FB basis for TPL rooms

Valid till 30th April 2025

For reservations, Call 0772208699",,Valid till 30th April 2025,UP TO 25% SAVINGS,https://www.americanexpress.lk/images/specialOffers/lodging/Pelwehera-600-x-600.jpg,https://www.americanexpress.lk/en/offers/lodging-offers/pelwehera-village-resort-dambulla,0772208699
10,2,UP TO 25% SAVINGS at Weligama Bay Marriott Resort & Spa,Weligama Bay Marriott Resort & Spa,"Enjoy up to 25% savings with your Nations Trust Bank American Express Credit Card

Valid for weddings with a minimum of 150 pax

Prices start from LKR 8,500+++ per person

Bookings are confirmed upon full payment

Booking Period: Till 30th April 2025

Validity Period: Till 20th December 2025

For reservations, call 0414600100 
 
 
Enjoy 6 or 12 Month Extended Settlement Plans at any merchant location with Nations Trust Bank American Express Explorer & Platinum Credit Cards
 
0% handling fee applicable for the 6Month Extended Settlement Plans
5% handling fee applicable for the 12 Month Extended Settlement Plans
Valid for transactions performed till 30th June 2025
Special Remark: 
 
Valid for bills of LKR 50,000/- and above. 
Valid for American Express Explorer, SriLankan Airlines American Express Platinum and American Express Platinum Credit Cards 
A processing fee of LKR 1,500/- applicable for each ESP conversation performed
Cash Withdrawals, Fuel, Utility Bill Payments and Supermarket transactions will not be entitled for this Promotion
Call 0114315315 to convert your transactions.",,Valid till 30th April 2025,UP TO 25% SAVINGS,https://www.americanexpress.lk/images/specialOffers-bk/lodging/1000097126.jpg,https://www.americanexpress.lk/en/offers/lodging-offers/weligama-bay-marriott-resort-spa,0414600100
10,2,20% SAVINGS at Calamansi Cove Villas by Jetwing,Calamansi Cove Villas by Jetwing,"Enjoy 20% savings with Nations Trust Bank American Express Credit Cards

• Weekend Complimentary Cocktails: For stays of 2 nights or more, guests will enjoy free-flow cocktails from 5-7 pm on Saturday.

• Complimentary Spa Treatment: For stays of 3 nights, offer a 60-minute complimentary in-room spa treatment.

For reservations, call 0707709537 or email reservations@calamansicovevillas.com
 
Valid from 19th December 2024 to 31st March 2025",,Valid from 19th December 2024 to 31st March 2025,20% SAVINGS,https://www.americanexpress.lk/images/specialOffers/lodging/calamansi-cove-villas-by-jetwing.jpg,https://www.americanexpress.lk/en/offers/lodging-offers/calamansi-cove-villas-by-jetwing,0707709537
10,2,10% SAVINGS at Sunrise Pasikuda,Sunrise Pasikuda,"Enjoy 10% savings with your Nations Trust Bank American Express Credit Card

Valid on Half Board bookings

Added benefits: free bicycle ride (1 Hour)

Valid till 31st December 2025

For Reservations,

Call: 0652058866
Email: reservations.p@sunrisehotels.lk / sales.p@sunrisehotels.lk","Cardholder(s) is/are to settle the total bill payment via NTB Credit Cards(s) to be eligible for the
offer mentioned herein.
 This offer cannot be used in conjunction with other promotional offers, or other payment modes
and cannot be exchanged for cash.
 The rooms are reserved subject to availability.
 Room discount is not applicable for extras, however, the above-mentioned discounts are
applicable for the additional services.
 Sunrise Hotel, Pasikuda may restrict certain services/facilities as per the health guidelines and
protocols.
 General terms and conditions of Sunrise, Pasikuda will apply.
 Offer is valid only for Sri Lankan Nationals and resident visa holders.
 Please note the offer is not applicable for corporate outings and day outings, gift vouchers, or
pre-confirmed bookings to be combined with other offers or reservations made through any
other platforms.
 Sunrise, Pasikuda agrees to handle all disputes professionally with NTB and sometimes with the
Cardholder directly, the decision of the respective service establishment NTB Bank shall be final.
 Sunrise, Pasikuda will ensure that the goods & services sold are of good quality always NTB
Bank accepts no liability for the quality of goods and services provided by the service
establishments involved in this promotion since the Bank is not the supplier of such goods and
services.
 The General Credit Card Terms and Conditions will continue to apply.",Valid till 31st December 2025,10% SAVINGS,https://www.americanexpress.lk/images/specialOffers/lodging/WhatsApp_Image_2024-06-26_at_102649_AM-modified.png,https://www.americanexpress.lk/en/offers/lodging-offers/sunrise-pasikuda,0652058866
10,2,15% SAVINGS at Ocean Front Condominiums Nilaveli,Ocean Front Condominiums Nilaveli,"Enjoy 15% savings with your Nations Trust Bank American Express Credit Card

Valid for,

Superior Room - Heritage wing - 02 Nos (Min 01 pax Max 04 pax)
Superior King Rooms - 09 Nos (Min 01 pax Max 06 pax)
Deluxe King Rooms - 22 Nos (Min 01 pax Max 06 pax)
Premium Rooms - 21 Nos (Min 01 pax Max 06 pax)
Penthouse Suites - 02 Nos (Min 01 pax Max 08 pax)

Period 

	

Per Room Per Night on Room Only 

LKR 




Double 

(2 pax) 

	

Quadruple 

(4 pax) 

	

Sextuple 

(6pax) 




Superior room -  Heritage wing 

	

30,000 

	

37,000 

	

N/A 




Superior King Rooms 

	

40,000 

	

47,000 

	

54,000 




Deluxe King Rooms 

	

45,000 

	

52,000 

	

59,000 




Premium Rooms 

	

50,000 

	

57,000 

	

64,000 




Penthouse Suites 

	

70,000 

	

77,000 

	

84,000

Valid from till 31st May 2025

For reservations, call 0768017620","Payments 25% advance payment is required in order to confirm the reservation. Balance to be made upon arrival.
Café / In room dining & pool Café operates from – 7.30 am – 9.00 pm for all 3 meals on A-la-Carte (last order to be placed at 2000 hrs)
Pool will be operating from 8.00am to 8.00pm(Pool attire is a must if failed to wear pool wear guest will be charged Rs.5000 as fine)
Rates are Nett ,in LKR ,per room per night /non-commissionable / inclusive of Service Charge and prevailing Government Taxes,
In event of a change in service charge / tax or an introduction of a new tax, International Construction Consortium (Pvt) Ltd reserves the right to adjust the rates accordingly at the time of invoicing
Check-in time will be 14:00 hrs & check-out time will be 10:00 hrs.
Early check-in & Late check-out will be provided only on availability and 50% of the room rate will be charged.",Valid till 31st May 2025,15% SAVINGS,https://www.americanexpress.lk/images/specialOffers-bk/lodging/Ocean_Front_Condos_Nilaveli.jpg,https://www.americanexpress.lk/en/offers/lodging-offers/oceanfront-condominiums,0768017620
10,2,UP TO 40% SAVINGS at Uppuveli Beach By DSK,Uppuveli Beach By DSK,"Enjoy up to 40% savings with your Nations Trust Bank American Express Credit Card

Beach Bliss (Room Category 1) - Full Board Double after saving LKR 41,400 
Breeze bliss (Room Category 2) - Full Board Double after saving LKR 39,000
Garden Bliss (Room Category 3) - Full Board Double after saving LKR 36,000 Full Board Double

Valid till 31st March 2025

For reservations, call 0777140488",,Valid till 31st March 2025,UP TO 40% SAVINGS,https://www.americanexpress.lk/images/specialOffers/lodging/Credit_Card_Offer_Photos__1.jpg,https://www.americanexpress.lk/en/offers/lodging-offers/uppuveli-beach-by-dsk,0777140488
10,2,20% SAVINGS at Sea Horse Hotel and Spa,Sea Horse Hotel and Spa,"Enjoy 20% savings with your Nations Trust Bank American Express Credit Card

Offer applicable on FB & HB basis for DBL & TPL room categories

Valid from 1st February to 30th April 2025

For reservations, call 0777720579 / 0777300579","The offer will be valid only for all Nations Trust Bank American Express credit cardholders.
In order to enjoy the promotion, the full payment needs to be settled with Nations Trust Bank American Express credit card.
Only 50% of the discounted room rate will be debited to the Cardholder/Card Member at the time of reservation and the balance should be settled at the hotel from the same card by the Cardholder/Card Member.
Reservations to be made in advance by way of making a call to the central reservations on 0777720579 / 0777300579.
The offer will not be applicable for reservations made through online and other platforms.
Reservations will be confirmed subject to availability.
The hotel may restrict certain services/facilities as per the health guidelines and protocols.
Discount will not be applicable on upgrades, extras and supplements.
The offer is not valid for corporate events / functions.
The offer will be valid on local rates and will not apply on any special promotional rates.
The offer cannot be combined with any other existing offers.",Valid from 1st February to 30th April 2025,20% SAVINGS,https://www.americanexpress.lk/images/specialOffers/lodging/SeaHorse_Hotel.png,https://www.americanexpress.lk/en/offers/lodging-offers/sea-horse-hotel-and-spa,0777720579
10,2,SPECIAL SAVINGS at Best Western Elyon Colombo,Best Western Elyon Colombo,"Enjoy special savings with your Nations Trust Bank American Express Credit Card

10% savings on deluxe rooms (BB/HB/FB Basis) 
10% savings on beverages
10% savings on the à la carte menu

Valid from 1st January 2025 to 31st December 2025

For reservations, email to resmgr@bestwesterncolombo.com, with copies to sales@bestwesterncolombo.com & invoicing@bestweterncolombo.com","Child Policy on accommodation
Children aged 0-5 years sharing with their parents-stay free of charge.
Children aged 06-12 years -25% on sharing double room rate. (Sharing parents Bed / on the basis booked)
Please note Hotel will be compelled to strictly comply with Government Regulations relating to the serving of Alcohol + Meats + Entertainment on days of abstinence declare by the state
Booking Policy
50% advance payment is necessary to secure a firm booking.
Until the advance payment is received, rooms will be subject to availability, and we cannot guarantee a tentative block.
Check-in Time - 02.00 p.m. / Check-out Time - 12.00 noon
Early Check-in & Late Check-out Policy
Late check-out charges, subject to availability, are as follows:
Between 12:00 PM and 6:00 PM: Half of the room rate applied on a room-only basis.
After 6:00 PM: 100% of the room rate
Early check-in charges, subject to availability, are outlined as follows:
Arrivals prior to 09:00 AM will incur charges equivalent to the previous night's stay.
Check-ins between 09:00 AM and 12:00 PM will be billed at half the applicable room rate.
Accommodations for drivers are not provided on the premises.
Cancellation Policy
In case of cancellation, a 50% charge based on the booking will apply for cancellations made prior to 48 hours.
For cancellations made within 48 hours of the booking, a 100% charge based on the booked basis will be applied.
Reservation Process
Please send all reservation requests to resmgr@bestwesterncolombo.com, with copies to sales@bestwesterncolombo.com & invoicing@bestweterncolombo.com
Please send all inquiries related to Sales & Marketing- Ms.Roshi Lokuge - sales@bestwesterncolombo.com
Payments
Payments to be made prior to arrival by cash.
Please note cheque payment should be done three working days prior to arrival
Bank Details
Cheque to be drawn in favor of - Elyon Colombo (Pvt) Ltd
Beneficiaries Name - Elyon Colombo (Pvt) Ltd
Bank - Nation Trust Bank - Narahenpita
Account Number - 100810007391
Other Terms & Conditions
The presence of the cardholder is mandatory during check-in.
Full payment for the reservation must be completed using the same credit card used for booking.
Each cardholder is limited to booking a maximum of 02 rooms
This offer cannot be combined with any other existing promotions at the hotel.
Room bookings are subject to availability.",Valid from 1st January 2025 to 31st December 2025,SPECIAL SAVINGS,https://www.americanexpress.lk/images/Best_Western_2.jpg,https://www.americanexpress.lk/en/offers/lodging-offers/best-western-elyon-colombo,
10,2,15% SAVINGS at Araliya Red Hotel,Araliya Red Hotel,"Enjoy 15% savings with your Nations Trust Bank American Express Credit card

Valid till 31st March 2025

For reservations, call  0704700829/0522226000","Not Applicable for the family room
The booking should be under the card holders name
Payments to be made on arrival
Check-in time 2.00 pm and Check-out before 12.00 pm.",Valid till 31st March 2025,15% SAVINGS,https://www.americanexpress.lk/images/specialOffers/lodging/Araliya_Red_Logo.png,https://www.americanexpress.lk/en/offers/lodging-offers/araliya-red-hotel,0704700829
10,2,25% SAVINGS at Regal Reseau Hotel & Spa,Regal Reseau Hotel & Spa,"Enjoy 25% savings with your Nations Trust Bank American Express Credit Card

Valid on rack rate

Valid till 30th April 2025

For reservations, call 0777744498",Offer Will Not Stack With Other Hotel Promotions,Valid till 30th April 2025,25% SAVINGS,https://www.americanexpress.lk/images/specialOffers/lodging/New_Project_-_2022-06-29T155621154.jpg,https://www.americanexpress.lk/en/offers/lodging-offers/regal-reseau-hotel-spa,0777744498
10,2,25% SAVINGS at Lankaila Hotels - Mazarine Surf Suites,Lankaila Hotels - Mazarine Surf Suites,"Enjoy 25% savings with your Nations Trust Bank American Express Credit Card

Valid till 30th April 2025.

Exclusion period: from 20th December 2024 to 10th of January 2025

For reservations,

Call:  0701725959
Email: sales1@lankailahotels.com / sales2@lankailahotels.com / reservations@lankailahotels.com",Valid for local residents only,Valid till 30th April 2025,25% SAVINGS,https://www.americanexpress.lk/images/offers/Mazarine_Surf_Suites_-_Hiriketiya.jpeg,https://www.americanexpress.lk/en/offers/lodging-offers/lankaila-hotels-mazarine-surf-suites,0701725959
10,2,25% SAVINGS at Lankaila Hotels - Oga Reach,Lankaila Hotels - Oga Reach,"Enjoy 25% savings with your Nations Trust Bank American Express Credit Card

Valid till 30th April 2025

Exclusion period: from 20th December 2024 to 10th of January 2025

For reservations,

Call:  0701725959
Email: sales1@lankailahotels.com / sales2@lankailahotels.com / reservations@lankailahotels.com",Valid for local residents only,Valid till 30th April 2025,25% SAVINGS,https://www.americanexpress.lk/images/offers/Oga_Reach.jpg,https://www.americanexpress.lk/en/offers/lodging-offers/lankaila-hotels-oga-reach,0701725959
10,2,15% SAVINGS at Range Kandy,Range Kandy,"Enjoy 15% savings with your Nations Trust Bank American Express Credit Card

Valid for BB basis

Valid from 31st January to 30th June 2025

For reservations,

Call 0770258258
Email - reservations@therange.lk",,Valid till 30th June 2025,15% SAVINGS,https://www.americanexpress.lk/images/specialOffers/lodging/Range-Kandy-600-x-600.jpg,https://www.americanexpress.lk/en/offers/lodging-offers/range-kandy,0770258258
10,2,10% SAVINGS at Clover Banquets & Resorts,Clover Banquets & Resorts,"Enjoy 3% savings with Nations Trust Bank American Express

Valid on the total bill value for banquet functions with 150-250 guests

Additional 5% savings for banquet functions with over 250 guests

Valid till 31st July 2025

For reservations, call 0762980606, 076 498 0606, and 0762820606",,Valid till 31st July 2025,10% SAVINGS,https://www.americanexpress.lk/images/Clover.png,https://www.americanexpress.lk/en/offers/lodging-offers/clover-banquets-resorts,0762980606
10,2,UP TO 25% SAVINGS at Oak Ray Wild Yala – Tissamaharama,Oak Ray Wild Yala – Tissamaharama,"Enjoy up to 25% savings with your Nations Trust Bank American Express Credit Card

25% savings on FB basis for DBL rooms
20% savings on FB basis for TPL rooms

Valid till 30th April 2025

For reservations, Call 0772208699",,Valid till 30th April 2025,UP TO 25% SAVINGS,https://www.americanexpress.lk/images/specialOffers-bk/lodging/oak_ray_wild_yala.png,https://www.americanexpress.lk/en/offers/lodging-offers/oak-ray-regency,0772208699
10,2,UP TO 25% SAVINGS at Oak Ray Serene Garden,Oak Ray Serene Garden,"Enjoy up to 25% savings with your Nations Trust Bank American Express Credit Card

25% savings on FB basis for DBL rooms
20% savings on FB basis for TPL rooms

Valid till 30th April 2025

For reservations, Call 0772208699",,Valid till 30th April 2025,UP TO 25% SAVINGS,https://www.americanexpress.lk/images/specialOffers/lodging/Oak-serene-600-x-600.jpg,https://www.americanexpress.lk/en/offers/lodging-offers/serene-garden,0772208699
10,2,UP TO 25% SAVINGS at Fresco Water Villa,Fresco Water Villa,"Enjoy up to 25% savings with your Nations Trust Bank American Express Credit Card

25% savings on FB basis for DBL rooms
20% savings on FB basis for TPL rooms

Valid till 30th April 2025

For reservations, Call 0772208699",,Valid from 1st November to 30th April 2025,UP TO 25% SAVINGS,https://www.americanexpress.lk/images/specialOffers/lodging/Fresco-600-x600.jpg,https://www.americanexpress.lk/en/offers/lodging-offers/fresco-water-villa,0772208699
10,2,UP TO 25% SAVINGS at Oak Ray Regency – Kandy,Oak Ray Regency – Kandy,"Enjoy up to 25% savings with your Nations Trust Bank American Express Credit Card

25% savings on FB basis for DBL rooms
20% savings on FB basis for TPL rooms

Valid till 30th April 2025

For reservations, Call 0772208699",,Valid till 30th April 2025,UP TO 25% SAVINGS,https://www.americanexpress.lk/images/specialOffers/lodging/Oak-Regency-600-x-600.jpg,https://www.americanexpress.lk/en/offers/lodging-offers/oak-ray-regency-kandy-2,0772208699
10,2,UP TO 25% SAVINGS at Oak Ray Elephant Lake – Sigiriya,Oak Ray Elephant Lake – Sigiriya,"Enjoy up to 25% savings with your Nations Trust Bank American Express Credit Card

25% savings on FB basis for DBL rooms
20% savings on FB basis for TPL rooms

Valid till 30th April 2025

For reservations, Call 0772208699",,Valid till 30th April 2025,UP TO 25% SAVINGS,https://www.americanexpress.lk/images/specialOffers/lodging/Oak-Elephant-lake-600-x-600.jpg,https://www.americanexpress.lk/en/offers/lodging-offers/oak-ray-elephant-lake-sigiriya,0772208699
10,2,UP TO 25% SAVINGS at Liyya Water Villa,Liyya Water Villa,"Enjoy up to 25% savings with your Nations Trust Bank American Express Credit Card

25% savings on FB basis for DBL rooms
20% savings on FB basis for TPL rooms

Valid till 30th April 2025

For reservations, Call 0772208699",,Valid till 30th April 2025,UP TO 25% SAVINGS,https://www.americanexpress.lk/images/specialOffers/lodging/Liyya-600-x-600.jpg,https://www.americanexpress.lk/en/offers/lodging-offers/liyya-water-villa,0772208699
10,2,UP TO 25% SAVINGS at Oak Ray Summer Hill Breeze,Oak Ray Summer Hill Breeze,"Enjoy up to 25% savings with your Nations Trust Bank American Express Credit Card

25% savings on FB basis for DBL rooms
20% savings on FB basis for TPL rooms

Valid till to 30th April 2025

For reservations, Call 0772208699",,Valid till 30th April 2025,UP TO 25% SAVINGS,https://www.americanexpress.lk/images/specialOffers/lodging/Oak-Summer-600-x-600.jpg,https://www.americanexpress.lk/en/offers/lodging-offers/oak-ray-summer-hill-breeze,0772208699
10,2,UP TO 25% SAVINGS at Oak Ray Heritage,Oak Ray Heritage,"Enjoy up to 25% savings with your Nations Trust Bank American Express Credit Card

25% savings on FB basis for DBL rooms
20% savings on FB basis for TPL rooms

Valid till 30th April 2025

For reservations, Call 0772208699",,Valid till 30th April 2025,UP TO 25% SAVINGS,https://www.americanexpress.lk/images/specialOffers/lodging/Oak-Heritage-600-x-600.jpg,https://www.americanexpress.lk/en/offers/lodging-offers/oak-ray-heritage,0772208699
10,2,UP TO 25% SAVINGS at Oak Ray Tea Bush,Oak Ray Tea Bush,"Enjoy up to 25% savings with your Nations Trust Bank American Express Credit Cards

25% savings on FB basis for DBL rooms
20% savings on FB basis for TPL rooms

Valid till 30th April 2025

For reservations, Call 0772208699",,Valid till 30th April 2025,UP TO 25% SAVINGS,https://www.americanexpress.lk/images/specialOffers/lodging/Teabush-600-x-600.jpg,https://www.americanexpress.lk/en/offers/lodging-offers/oak-ray-tea-bush,0772208699
10,2,UP TO 25% SAVINGS at Oak Ray Ella Gap,Oak Ray Ella Gap,"Enjoy up to 25% savings with your Nations Trust Bank American Express Credit Card

25% savings on FB basis for DBL rooms
20% savings on FB basis for TPL rooms

Valid till April 2025

For reservations, Call 0772208699",,Valid till 30th April 2025,UP TO 25% SAVINGS,https://www.americanexpress.lk/images/specialOffers/lodging/Oak-Ellagap-600-x-600.jpg,https://www.americanexpress.lk/en/offers/lodging-offers/oak-ray-ella-gap,0772208699
10,2,UP TO 25% SAVINGS at Rain Tree by Oak Ray,Rain Tree by Oak Ray,"Enjoy up to 25% savings with Nations Trust Bank American Express Credit Card

25% savings on FB basis for DBL rooms
20% savings on FB basis for TPL rooms

Valid till 30th April 2025

For reservations, Call 0772208699",,Valid till 30th April 2025,UP TO 25% SAVINGS,https://www.americanexpress.lk/images/specialOffers/lodging/WhatsApp_Image_2025-01-10_at_145056.jpeg,https://www.americanexpress.lk/en/offers/lodging-offers/rain-tree-by-oak-ray,0772208699
10,2,20% SAVINGS at Apa Villa - Thalpe,Apa Villa - Thalpe,"Enjoy 20% savings with your Nations Trust Bank American Express Credit Card

Offer applicable on BB, HB, and FB basis

Valid till 30th April 2025

For reservations,

Call 0112581132 / 0779594545
Website: www.joesresorts.com",,Valid till 30th April 2025,20% SAVINGS,https://www.americanexpress.lk/images/specialOffers-bk/lodging/Apa_Villa_Thalpe.jpg,https://www.americanexpress.lk/en/offers/lodging-offers/apa-villa-thalpe-2,0112581132
10,2,30% SAVINGS at Palazzo - Lake Gregory,Palazzo - Lake Gregory,"Enjoy 30% savings with your Nations Trust Bank American Express Credit Card

Offer applicable on BB and HB basis for SGL, DBL, TBL room categories

Valid till 31st March 2025

Location: 165/11, Upper Lake Road, Nuwara Eliya

For reservations, call 0704767137 (Rodney)",For additional pax and other meal will be charged on usual hotel rate.,Valid till 31st March 2025,30% SAVINGS,https://www.americanexpress.lk/images/specialOffers-bk/lodging/Palazzo_Lake_Gregory1080_x_1080.jpg,https://www.americanexpress.lk/en/offers/lodging-offers/palazzo-lake-gregory,0704767137
10,2,30% SAVINGS at Palazzo - Hikkaduwa,Palazzo - Hikkaduwa,"Enjoy 30% savings with your Nations Trust Bank American Express Credit Card

Offer applicable on BB and HB basis for SGL, DBL,TBL room categories

Valid till 31st March 2025

Location: 43, Krunthuwatha Road, Hikkaduwa

For reservations, call 0704767140 (Nishan)",,Valid till 31st March 2025,30% SAVINGS,https://www.americanexpress.lk/images/specialOffers-bk/lodging/Palazzo_Hikkaduwa_1080_x_1080.jpg,https://www.americanexpress.lk/en/offers/lodging-offers/palazzo-hikkaduwa,0704767140
10,2,30% SAVINGS at Palazzo Hikkaduwa Beach,Palazzo Hikkaduwa Beach,"Enjoy 30% savings with your Nations Trust Bank American Express Credit Card

Offer applicable on BB and HB for SGL, DBL, TBL room categories

Valid till 31st March 2025

Location: Galle Road, Godagama, Thelwatta, Hikkaduwa

For reservations, call 0703697709 (Hasitha)",For additional pax and other meal will be charged on usual hotel rate.,Valid till 31st March 2025,30% SAVINGS,https://www.americanexpress.lk/images/specialOffers-bk/lodging/Palazzo_Beach_1080_x_1080.jpg,https://www.americanexpress.lk/en/offers/lodging-offers/palazzo-hikkaduwa-beach,0703697709
10,2,30% SAVINGS at The Beach - Thalpe,The Beach - Thalpe,"Enjoy 30% savings with your Nations Trust Bank American Express Credit Card

Offer applicable on BB and HB basis for SGL, DBL, TBL room categories

Valid till 31st March 2025

Location: Station Junction, Talpe, Unuwatuna, Galle

For reservations, call 0704767200 (Bernad)",For additional pax and other meal will be charged on usual hotel rate.,Valid till 31st March 2025,30% SAVINGS,https://www.americanexpress.lk/images/specialOffers-bk/lodging/The_Beach_Talpe_1080_x_1080.jpg,https://www.americanexpress.lk/en/offers/lodging-offers/the-beach-thalpe,0704767200
10,2,20% SAVINGS at Era Beach - Thalpe,Era Beach - Thalpe,"Enjoy 20% savings with your Nations Trust Bank American Express Credit Card

Offer applicable on BB, HB and FB basis

Valid till 30th April 2025

For reservations,

Call 0112581132 / 0779594545
Website: www.joesresorts.com",,Valid till 30th April 2025,20% SAVINGS,https://www.americanexpress.lk/images/specialOffers-bk/lodging/Era_Beach_Thalpe.jpg,https://www.americanexpress.lk/en/offers/lodging-offers/era-beach-thalpe-2,0112581132
10,2,35% SAVINGS at Tropical Life Resort and Spa,Tropical Life Resort and Spa,"Enjoy 35% savings with Nations Trust Bank American Express Credit Card

Valid on FB & HB bookings

Valid till 30th March 2025

For reservations, call 0662030300 / 0773155315",,Valid till 30th March 2025,35% SAVINGS,https://www.americanexpress.lk/images/specialOffers/lodging/tropicallifedambulla_600x600.jpg,https://www.americanexpress.lk/en/offers/lodging-offers/tropical-life-resort-and-spa,0662030300
10,2,30% SAVINGS at Bolagala Agro Floating Resort,Bolagala Agro Floating Resort,"Enjoy 30% savings with Nations Trust Bank American Express Credit Card

Valid from 10th January 2025 to 31st March 2025

For reservations,
Call: 0312030800
Email: reservations@bolagala.com",,Valid from 10th January to 31st March 2025,30% SAVINGS,https://www.americanexpress.lk/images/specialOffers/lodging/thumbnail_IMG_6580.jpg,https://www.americanexpress.lk/en/offers/lodging-offers/bolagala-agro-floating-resort,0312030800
10,3,20% SAVINGS at Cargills Food City,Cargills Food City,"Offer 1

Enjoy 10% savings on total bill with Nations Trust Bank American Express Credit Card

Valid for bills above LKR 10,000
Maximum savings: LKR 1,500
Maximum quantity of 3 kg/ 3 Items per item per bill.
One Transaction per card holder per Day
The offer is not valid for Any Packeted and Bulk Rice, liquor, tobacco, utility bill payments & gift vouchers

Valid on 28th February 2025

Offer 2

Enjoy 20% savings on dairy range with Nations Trust Bank American Express Credit Card

Valid for bills above LKR 6,000
Maximum savings: LKR 1,500
Offer is not valid for ice-cream
One transaction per card holder per day

Valid every Wednesday till 26th March 2025

For the valid offer items, click here","Maximum quantity of 3kg/ units per item.
If the discount amount received by the Customer exceeds the maximum discount (LKR 1,500/-) offered for this promotion, the Nations Trust Bank PLC have the right to recover the excess amount of discount which has been offered to the Cardmember’s Card account during the promotional period",Valid till 26th March 2025,20% SAVINGS,https://www.americanexpress.lk/images/specialOffers/supermarket/Cargills_Food_City_Logo.png,https://www.americanexpress.lk/en/offers/supermarket-offers/cargills-foodcity-5,
10,4,20% SAVINGS at Spring & Summer,Spring & Summer,"Enjoy 20% savings with your Nations Trust Bank American Express Credit Card

Valid from 28th February to 2nd March 2025

Valid in-store & springandsummer.lk

Promo Code : SSNTB20",,Valid from 28th February to 02nd March 2026,20% SAVINGS,https://www.americanexpress.lk/images/specialOffers/clothing/SpringSummer.jpg,https://www.americanexpress.lk/en/offers/clothing-offers/spring-summer,
